{"cameraMode":{"drawMode":0,"name":"Shaded","section":"Shading Mode"},"sceneLighting":true,"audioPlay":false,"sceneViewState":{"m_AlwaysRefresh":false,"showFog":true,"showSkybox":true,"showFlares":true,"showImageEffects":true,"showParticleSystems":true,"showVisualEffectGraphs":true,"m_FxEnabled":true},"in2DMode":false,"pivot":{"x":178.12139892578126,"y":1.2449532747268677,"z":180.50340270996095},"rotation":{"x":0.03467444330453873,"y":-0.9537788033485413,"z":0.12111068516969681,"w":0.2729642987251282},"size":1.7374458312988282,"orthographic":false}