{"cameraMode":{"drawMode":0,"name":"Shaded","section":"Shading Mode"},"sceneLighting":true,"audioPlay":false,"sceneViewState":{"m_AlwaysRefresh":false,"showFog":true,"showSkybox":true,"showFlares":true,"showImageEffects":true,"showParticleSystems":true,"showVisualEffectGraphs":true,"m_FxEnabled":true},"in2DMode":false,"pivot":{"x":618.7268676757813,"y":58.16019821166992,"z":544.9804077148438},"rotation":{"x":-0.004738920833915472,"y":0.9647396802902222,"z":-0.26265284419059756,"w":-0.01737705059349537},"size":17.385883331298829,"orthographic":false}