{"cameraMode":{"drawMode":0,"name":"Shaded","section":"Shading Mode"},"sceneLighting":true,"audioPlay":false,"sceneViewState":{"m_AlwaysRefresh":false,"showFog":true,"showSkybox":true,"showFlares":true,"showImageEffects":true,"showParticleSystems":true,"showVisualEffectGraphs":true,"m_FxEnabled":true},"in2DMode":false,"pivot":{"x":636.8355712890625,"y":63.200374603271487,"z":571.0640869140625},"rotation":{"x":0.10306650400161743,"y":0.10157878696918488,"z":-0.010906626470386982,"w":0.9895915389060974},"size":12.12435531616211,"orthographic":false}