{"cameraMode":{"drawMode":0,"name":"Shaded","section":"Shading Mode"},"sceneLighting":false,"audioPlay":false,"sceneViewState":{"m_AlwaysRefresh":false,"showFog":false,"showSkybox":false,"showFlares":false,"showImageEffects":false,"showParticleSystems":false,"showVisualEffectGraphs":true,"m_FxEnabled":true},"in2DMode":false,"pivot":{"x":-0.013392925262451172,"y":0.7868417501449585,"z":0.28806981444358828},"rotation":{"x":-0.10145989805459976,"y":0.3756881058216095,"z":-0.041420821100473407,"w":-0.9202446937561035},"size":1.6398036479949952,"orthographic":false}