{"cameraMode":{"drawMode":0,"name":"Shaded","section":"Shading Mode"},"sceneLighting":false,"audioPlay":false,"sceneViewState":{"m_AlwaysRefresh":false,"showFog":true,"showSkybox":true,"showFlares":true,"showImageEffects":true,"showParticleSystems":true,"showVisualEffectGraphs":true,"m_FxEnabled":true},"in2DMode":false,"pivot":{"x":0.7941164970397949,"y":15.064861297607422,"z":-1.583768367767334},"rotation":{"x":0.37769681215286257,"y":-0.40750187635421755,"z":0.1906970590353012,"w":0.8094377517700195},"size":42.523738861083987,"orthographic":false}