{"cameraMode":{"drawMode":0,"name":"Shaded","section":"Shading Mode"},"sceneLighting":false,"audioPlay":false,"sceneViewState":{"m_AlwaysRefresh":false,"showFog":true,"showSkybox":true,"showFlares":true,"showImageEffects":true,"showParticleSystems":true,"showVisualEffectGraphs":true,"m_FxEnabled":true},"in2DMode":false,"pivot":{"x":2.592258930206299,"y":1.6575629711151124,"z":1.0447146892547608},"rotation":{"x":0.29627853631973269,"y":-0.3262740969657898,"z":0.10848598927259445,"w":0.8910650610923767},"size":136.65908813476563,"orthographic":true}