{"cameraMode":{"drawMode":0,"name":"Shaded","section":"Shading Mode"},"sceneLighting":false,"audioPlay":false,"sceneViewState":{"m_AlwaysRefresh":false,"showFog":true,"showSkybox":false,"showFlares":true,"showImageEffects":true,"showParticleSystems":true,"showVisualEffectGraphs":true,"m_FxEnabled":true},"in2DMode":false,"pivot":{"x":0.27258527278900149,"y":3.2830519676208498,"z":1.5503811836242676},"rotation":{"x":-0.009531431831419468,"y":-0.9665486812591553,"z":0.25382882356643679,"w":-0.03685691952705383},"size":4.237743377685547,"orthographic":false}