{"cameraMode":{"drawMode":0,"name":"Shaded","section":"Shading Mode"},"sceneLighting":false,"audioPlay":false,"sceneViewState":{"showFog":true,"showMaterialUpdate":false,"showSkybox":true,"showFlares":true,"showImageEffects":true,"showParticleSystems":true},"in2DMode":false,"pivot":{"x":-1.8812627792358399,"y":0.17262482643127442,"z":-1.625675082206726},"rotation":{"x":0.14075665175914765,"y":-0.824781060218811,"z":0.2354162484407425,"w":0.4947393536567688},"size":3.2077081203460695,"orthographic":false}