{"cameraMode":{"drawMode":0,"name":"Shaded","section":"Shading Mode"},"sceneLighting":false,"audioPlay":false,"sceneViewState":{"showFog":true,"showMaterialUpdate":false,"showSkybox":true,"showFlares":true,"showImageEffects":true,"showParticleSystems":true},"in2DMode":false,"pivot":{"x":11.709007263183594,"y":7.118370532989502,"z":-21.69293975830078},"rotation":{"x":0.21610470116138459,"y":-0.5215920805931091,"z":0.13896946609020234,"w":0.8137535452842712},"size":10.0,"orthographic":false}