{"cameraMode":{"drawMode":0,"name":"Shaded","section":"Shading Mode"},"sceneLighting":false,"audioPlay":false,"sceneViewState":{"m_AlwaysRefresh":false,"showFog":true,"showSkybox":false,"showFlares":true,"showImageEffects":true,"showParticleSystems":true,"showVisualEffectGraphs":true,"m_FxEnabled":true},"in2DMode":false,"pivot":{"x":0.0021992921829223634,"y":0.0013334453105926514,"z":-0.029846295714378358},"rotation":{"x":0.015141110867261887,"y":-0.6821947693824768,"z":-0.014104084111750126,"w":-0.730952799320221},"size":1.3878448009490967,"orthographic":false}